,,,,,,
Event ID,LGA,Start Date,Start Time,Customers Interrupted,Ave Dur. (min),Reason
1060734,GOSFORD,1/01/2014,7:01 AM,294,88,Equipment fault
1060757,KU-RING-GAI,1/01/2014,10:08 AM,74,41,Environmental
1060782,KU-RING-GAI,1/01/2014,1:31 PM,83,59,Equipment fault
1060793,WARRINGAH,1/01/2014,4:22 PM,2137,61,Equipment fault
1060818,NEWCASTLE,1/01/2014,9:45 PM,61,105,Third party
1060904,WYONG,2/01/2014,11:16 AM,85,151,Equipment fault
1060945,SYDNEY,2/01/2014,1:03 PM,141,60,Equipment fault
1060998,WYONG,2/01/2014,3:17 PM,88,133,Environmental
1061102,WYONG,3/01/2014,3:57 AM,927,47,Environmental
1061114,HORNSBY,3/01/2014,6:08 AM,185,167,Environmental
1061351,CANTERBURY,3/01/2014,11:45 AM,49,65,Equipment fault
1061358,RANDWICK,3/01/2014,3:16 PM,67,203,Equipment fault
1061434,MOSMAN,4/01/2014,12:10 AM,78,76,Environmental
1061440,SUTHERLAND,4/01/2014,2:35 AM,91,"1,085",Equipment fault
1061445,GOSFORD,4/01/2014,3:10 AM,1405,124,Environmental
1061471,WAVERLEY,4/01/2014,8:04 AM,2965,45,Equipment fault
1061480,WOOLLAHRA,4/01/2014,8:04 AM,82,45,Equipment fault
1061579,LAKE MACQUARIE,5/01/2014,5:18 AM,829,64,Environmental
1061602,LEICHHARDT,5/01/2014,10:22 AM,1078,56,Equipment fault
1061632,LAKE MACQUARIE,5/01/2014,2:54 PM,121,45,Environmental
1061643,SYDNEY,5/01/2014,4:46 PM,99,178,Environmental
1061705,NORTH SYDNEY,6/01/2014,2:54 AM,88,61,Environmental
1061707,HUNTERS HILL,6/01/2014,4:04 AM,1248,80,Environmental
1061982,SINGLETON,6/01/2014,5:06 PM,225,84,Environmental
1062041,MARRICKVILLE,7/01/2014,2:55 AM,97,230,Environmental
1062955,WILLOUGHBY,7/01/2014,7:11 AM,52,58,Environmental
1062088,BANKSTOWN,7/01/2014,8:03 AM,97,287,3rd Party
1062008,UPPER HUNTER,7/01/2014,11:40 AM,51,5,Equipment fault
1062376,NORTH SYDNEY,7/01/2014,6:23 PM,621,47,Equipment fault
1062452,HORNSBY,8/01/2014,1:48 AM,120,564,Equipment fault
1062431,BOTANY,8/01/2014,5:01 AM,51,184,Third party
1062646,CESSNOCK,8/01/2014,11:45 AM,175,145,Equipment fault
1062718,MARRICKVILLE,8/01/2014,1:15 PM,54,341,Cable dig
1062824,MANLY,8/01/2014,10:59 PM,2141,37,Environmental
1062836,RYDE,9/01/2014,3:43 AM,136,252,Equipment fault
1062838,LAKE MACQUARIE,9/01/2014,5:06 AM,656,45,Equipment fault
1063208,LAKE MACQUARIE,10/01/2014,1:25 AM,881,120,Equipment fault
1063217,NORTH SYDNEY,10/01/2014,2:28 AM,102,142,Equipment fault
1063218,LAKE MACQUARIE,10/01/2014,4:10 AM,63,90,Environmental
1063220,WYONG,10/01/2014,4:24 AM,945,33,Equipment fault
1063381,NEWCASTLE,10/01/2014,11:36 AM,1893,29,Third party
1063590,WYONG,11/01/2014,12:09 AM,193,137,Environmental
1063594,BANKSTOWN,11/01/2014,1:21 AM,91,84,Equipment fault
1063598,RYDE,11/01/2014,1:50 AM,735,40,Environmental
1063668,MAITLAND,11/01/2014,3:47 PM,470,82,Equipment fault
1063677,KU-RING-GAI,11/01/2014,4:12 PM,78,93,Equipment fault
1063698,MOSMAN,11/01/2014,6:09 PM,124,386,Environmental
1063711,SYDNEY,11/01/2014,7:51 PM,111,54,Environmental
1063775,ASHFIELD,12/01/2014,11:59 AM,1889,73,Equipment fault
1063831,SUTHERLAND,13/01/2014,1:23 AM,745,91,Environmental
1063832,RYDE,13/01/2014,4:39 AM,3110,74,Environmental
1063955,LAKE MACQUARIE,13/01/2014,11:25 AM,349,210,Equipment fault
1064052,MOSMAN,13/01/2014,12:10 PM,124,55,Environmental
1064226,RYDE,13/01/2014,3:46 PM,970,47,Equipment fault
1064319,MANLY,13/01/2014,8:44 PM,202,223,Environmental
1064330,ROCKDALE,14/01/2014,5:28 AM,363,67,Equipment fault
1064360,RYDE,14/01/2014,8:32 AM,136,63,Equipment fault
1064510,CANTERBURY,14/01/2014,10:58 AM,82,76,Environmental
1064569,AUBURN,14/01/2014,12:42 PM,282,59,Equipment fault
1064611,SUTHERLAND,14/01/2014,1:50 PM,60,45,Environmental
1064632,MAITLAND,14/01/2014,2:01 PM,85,79,Environmental
1064650,GOSFORD,14/01/2014,2:53 PM,1507,52,Environmental
1064990,KU-RING-GAI,15/01/2014,12:09 PM,657,58,Equipment fault
1065035,WILLOUGHBY,15/01/2014,1:09 PM,63,90,Environmental
1065190,WAVERLEY,15/01/2014,5:56 PM,74,44,Environmental
1066657,RYDE,15/01/2014,8:52 PM,60,5,Environmental
1065238,SUTHERLAND,15/01/2014,10:22 PM,81,86,Environmental
1065243,KOGARAH,16/01/2014,2:14 AM,2341,60,Environmental
1065246,WYONG,16/01/2014,3:37 AM,81,53,Equipment fault
1065249,WARRINGAH,16/01/2014,4:31 AM,2473,111,Equipment fault
1065251,BANKSTOWN,16/01/2014,6:16 AM,489,58,Environmental
1065324,WYONG,16/01/2014,9:10 AM,2077,68,Equipment fault
1065555,BANKSTOWN,16/01/2014,2:48 PM,240,87,Equipment fault
1065561,BANKSTOWN,16/01/2014,2:55 PM,102,130,Third party
1065589,HURSTVILLE,16/01/2014,3:30 PM,51,89,Environmental
1065598,PITTWATER,16/01/2014,3:32 PM,323,70,Environmental
1065728,SYDNEY,16/01/2014,10:24 PM,119,153,Environmental
1065721,HORNSBY,16/01/2014,11:00 PM,117,266,Third party
1065738,WARRINGAH,17/01/2014,4:01 AM,934,70,Environmental
1065852,NORTH SYDNEY,17/01/2014,10:26 AM,91,"1,028",Equipment fault
1066046,WOOLLAHRA,17/01/2014,4:10 PM,148,"1,190",Equipment fault
1066091,WILLOUGHBY,17/01/2014,9:00 PM,604,66,Equipment fault
1066536,MANLY,18/01/2014,12:06 AM,87,134,Equipment fault
1066581,MANLY,18/01/2014,12:06 AM,103,134,Equipment fault
1066129,WILLOUGHBY,18/01/2014,7:36 AM,899,66,Third party
1066114,MANLY,18/01/2014,11:25 AM,292,85,Equipment fault
1066177,MANLY,18/01/2014,11:30 AM,81,90,Equipment fault
1066269,WARRINGAH,18/01/2014,9:20 PM,56,58,Environmental
1066277,MOSMAN,19/01/2014,1:36 AM,2100,64,Equipment fault
1066268,SUTHERLAND,19/01/2014,5:01 AM,620,119,Equipment fault
1066353,SINGLETON,19/01/2014,3:58 PM,225,55,Environmental
1066355,WARRINGAH,19/01/2014,4:30 PM,74,25,Environmental
1066395,SUTHERLAND,19/01/2014,10:38 PM,634,65,Environmental
1071239,RYDE,20/01/2014,6:41 AM,91,24,Operating fault
1066708,NEWCASTLE,20/01/2014,11:39 AM,102,349,Equipment fault
1066924,BANKSTOWN,20/01/2014,4:14 PM,1849,73,Environmental
1066979,KOGARAH,20/01/2014,5:47 PM,2341,45,Equipment fault
1067111,KU-RING-GAI,20/01/2014,11:21 PM,888,41,Environmental
1067167,HORNSBY,21/01/2014,1:53 AM,1438,169,Environmental
1067727,UPPER HUNTER,21/01/2014,7:51 PM,321,181,Environmental
1067861,SUTHERLAND,22/01/2014,8:59 AM,392,40,Equipment fault
1067933,MUSWELLBROOK,22/01/2014,10:16 AM,200,252,Equipment fault
1068192,HURSTVILLE,22/01/2014,4:30 PM,59,70,Environmental
1068465,WILLOUGHBY,23/01/2014,11:08 AM,1327,104,Third party
1068828,PITTWATER,23/01/2014,12:30 PM,88,20,Third party
1068650,WILLOUGHBY,23/01/2014,2:14 PM,847,125,Equipment fault
1069108,HURSTVILLE,24/01/2014,5:38 PM,76,71,Environmental
1069155,SUTHERLAND,24/01/2014,8:46 PM,636,37,Equipment fault
1069232,CANADA BAY,25/01/2014,8:13 AM,57,93,Equipment fault
1069248,ROCKDALE,25/01/2014,9:08 AM,616,42,Environmental
1069264,GOSFORD,25/01/2014,10:28 AM,78,12,Environmental
1069301,GOSFORD,25/01/2014,1:27 PM,137,53,Third party
1069326,HURSTVILLE,25/01/2014,2:32 PM,2371,216,Equipment fault
1069358,WAVERLEY,25/01/2014,4:15 PM,62,85,Equipment fault
1069347,NEWCASTLE,25/01/2014,4:30 PM,111,35,Environmental
1069393,WAVERLEY,25/01/2014,6:07 PM,62,742,Equipment fault
1069602,NEWCASTLE,27/01/2014,6:47 PM,1816,38,Directed to interrupt
1069605,NEWCASTLE,27/01/2014,6:53 PM,257,24,Directed to interrupt
1069630,SUTHERLAND,28/01/2014,12:41 AM,295,124,Equipment fault
1069635,LAKE MACQUARIE,28/01/2014,4:04 AM,75,116,Environmental
1070049,ROCKDALE,28/01/2014,5:00 PM,117,145,Operating fault
1070110,GOSFORD,28/01/2014,8:32 PM,2110,35,Environmental
1070091,GOSFORD,28/01/2014,8:48 PM,264,64,Equipment fault
1070136,GOSFORD,28/01/2014,9:53 PM,422,54,Equipment fault
1070090,RANDWICK,28/01/2014,10:00 PM,116,40,Equipment fault
1070144,CANTERBURY,29/01/2014,5:59 AM,75,210,Equipment fault
1070158,MANLY,29/01/2014,7:16 AM,52,233,Equipment fault
1070166,SUTHERLAND,29/01/2014,7:57 AM,995,67,Equipment fault
1070238,WYONG,29/01/2014,9:17 AM,941,45,Environmental
1070381,SUTHERLAND,29/01/2014,11:43 AM,112,77,Equipment fault
1070508,SUTHERLAND,29/01/2014,2:42 PM,64,412,Equipment fault
1070561,LANE COVE,29/01/2014,4:31 PM,143,63,Environmental
1070602,HURSTVILLE,29/01/2014,5:48 PM,63,62,Equipment fault
1070608,MID-WESTERN REG,29/01/2014,6:13 PM,92,131,Equipment fault
1070702,MOSMAN,30/01/2014,9:21 AM,117,24,Operating fault
1071399,WYONG,30/01/2014,3:54 PM,941,40,Environmental
1071041,KU-RING-GAI,30/01/2014,6:08 PM,1719,97,Environmental
1071097,SUTHERLAND,30/01/2014,11:12 PM,830,46,Equipment fault
1071377,WARRINGAH,31/01/2014,2:08 PM,2109,93,Environmental
1071429,WYONG,31/01/2014,3:19 PM,942,8,Equipment fault
1071495,BANKSTOWN,31/01/2014,5:28 PM,168,142,Environmental
1071508,NORTH SYDNEY,31/01/2014,5:56 PM,76,143,Equipment fault
1071534,WILLOUGHBY,31/01/2014,8:20 PM,65,60,Equipment fault
1071579,MOSMAN,1/02/2014,9:24 AM,84,143,Equipment fault
1071590,CANADA BAY,1/02/2014,12:50 PM,60,25,Environmental
1071624,MOSMAN,1/02/2014,1:30 PM,96,431,Equipment fault
1071685,ROCKDALE,1/02/2014,9:44 PM,501,113,Equipment fault
1071694,UPPER HUNTER,2/02/2014,5:38 AM,55,158,Equipment fault
1071746,WYONG,2/02/2014,11:42 AM,225,81,Environmental
1071775,LEICHHARDT,2/02/2014,4:24 PM,50,60,Equipment fault
1072006,LANE COVE,3/02/2014,11:43 AM,1592,58,Cable dig
1072284,WARRINGAH,3/02/2014,10:58 PM,5031,52,Environmental
1072288,WAVERLEY,4/02/2014,4:24 AM,81,92,Environmental
1072566,LEICHHARDT,4/02/2014,12:31 PM,60,78,Equipment fault
1072579,WAVERLEY,4/02/2014,12:47 PM,81,123,Equipment fault
1072652,WYONG,4/02/2014,2:37 PM,598,13,Environmental
1072685,WYONG,4/02/2014,2:53 PM,1635,81,Equipment fault
1072737,WYONG,4/02/2014,3:47 PM,78,72,Environmental
1072815,GOSFORD,4/02/2014,5:16 PM,1474,26,Environmental
1072837,PITTWATER,4/02/2014,5:51 PM,323,80,Environmental
1072880,SINGLETON,4/02/2014,8:12 PM,176,79,Directed to interrupt
1072911,SINGLETON,5/02/2014,7:18 AM,77,386,Equipment fault
1073331,SYDNEY,5/02/2014,5:19 PM,204,44,Equipment fault
1073367,HUNTERS HILL,5/02/2014,8:20 PM,63,"1,249",Equipment fault
1073400,AUBURN,6/02/2014,7:12 AM,88,196,Cable dig
1073902,WOOLLAHRA,6/02/2014,10:50 AM,323,5,Environmental
1073557,PITTWATER,6/02/2014,11:13 AM,53,63,Third party
1073833,GOSFORD,6/02/2014,6:09 PM,59,66,Equipment fault
1073846,BURWOOD,6/02/2014,7:11 PM,792,90,Equipment fault
1073868,MANLY,7/02/2014,2:32 AM,2141,52,Environmental
1074088,KU-RING-GAI,7/02/2014,1:57 PM,260,263,Equipment fault
1074216,NORTH SYDNEY,7/02/2014,8:55 PM,465,125,Equipment fault
1074239,PORT STEPHENS,8/02/2014,4:03 AM,1427,42,Environmental
1074242,SINGLETON,8/02/2014,5:55 AM,171,182,Equipment fault
1074447,AUBURN,9/02/2014,6:14 PM,109,286,Equipment fault
1074471,MANLY,10/02/2014,12:28 AM,2141,31,Environmental
1074475,HUNTERS HILL,10/02/2014,3:56 AM,1187,71,Environmental
1074476,SUTHERLAND,10/02/2014,4:13 AM,1301,49,Environmental
1074483,BANKSTOWN,10/02/2014,4:15 AM,896,12,Environmental
1074489,WOOLLAHRA,10/02/2014,6:04 AM,144,141,Environmental
1074499,WYONG,10/02/2014,6:56 AM,560,38,Equipment fault
1074965,NEWCASTLE,10/02/2014,6:23 PM,106,26,Operating fault
1075006,GOSFORD,10/02/2014,11:43 PM,1588,89,Equipment fault
1075013,SUTHERLAND,11/02/2014,12:36 AM,1233,72,Equipment fault
1075292,RYDE,11/02/2014,12:25 PM,81,55,Third party
1075324,WYONG,11/02/2014,1:09 PM,62,186,Equipment fault
1075409,RYDE,11/02/2014,3:22 PM,1445,70,Cable dig
1075467,GOSFORD,11/02/2014,9:05 PM,72,25,Equipment fault
1075541,WILLOUGHBY,12/02/2014,4:19 AM,124,48,Equipment fault
1075692,WYONG,12/02/2014,11:11 AM,94,82,Equipment fault
1075740,ROCKDALE,12/02/2014,12:22 PM,344,81,Equipment fault
1075808,SYDNEY,12/02/2014,3:18 PM,164,112,Cable dig
1075872,CANTERBURY,12/02/2014,3:59 PM,96,101,Third party
1075931,WYONG,12/02/2014,7:55 PM,60,50,Equipment fault
1076084,PORT STEPHENS,13/02/2014,8:56 AM,221,52,Environmental
1076485,RANDWICK,14/02/2014,1:14 AM,1524,57,Equipment fault
1076489,MUSWELLBROOK,14/02/2014,3:01 AM,269,50,Environmental
1076549,MOSMAN,14/02/2014,8:08 AM,1169,174,Equipment fault
1076652,MUSWELLBROOK,14/02/2014,9:44 AM,91,108,Equipment fault
1076699,BANKSTOWN,14/02/2014,10:42 AM,54,103,Environmental
1076728,HURSTVILLE,14/02/2014,11:40 AM,56,59,Environmental
1076970,NEWCASTLE,14/02/2014,8:30 PM,54,240,Equipment fault
1076973,BANKSTOWN,14/02/2014,10:16 PM,51,93,Environmental
1078086,RYDE,15/02/2014,3:46 AM,521,60,Equipment fault
1076993,SUTHERLAND,15/02/2014,5:04 AM,14751,72,Environmental
1077120,SINGLETON,15/02/2014,10:18 AM,63,26,Vandalism
1077139,PITTWATER,15/02/2014,10:59 AM,67,316,Equipment fault
1077261,CANADA BAY,15/02/2014,10:02 PM,68,112,Environmental
1077290,LAKE MACQUARIE,16/02/2014,8:31 AM,883,57,Environmental
1077473,WARRINGAH,16/02/2014,5:31 PM,2651,57,Equipment fault
1077582,CANTERBURY,16/02/2014,10:41 PM,506,95,Equipment fault
1077598,PORT STEPHENS,17/02/2014,12:50 AM,1334,131,Equipment fault
1077655,WOOLLAHRA,17/02/2014,8:25 AM,110,159,Equipment fault
1077724,GOSFORD,17/02/2014,9:26 AM,1382,50,Environmental
1077828,LAKE MACQUARIE,17/02/2014,10:53 AM,63,82,Equipment fault
1077915,RYDE,17/02/2014,12:30 PM,86,298,Environmental
1078179,WARRINGAH,18/02/2014,2:50 AM,5995,27,Environmental
1078446,SUTHERLAND,18/02/2014,1:50 PM,788,37,Third party
1078606,WYONG,19/02/2014,7:25 AM,739,110,Equipment fault
1078610,KU-RING-GAI,19/02/2014,7:51 AM,2198,115,Environmental
1078721,KU-RING-GAI,19/02/2014,10:21 AM,711,68,Cable dig
1078891,CESSNOCK,19/02/2014,2:42 PM,1342,44,Environmental
1079115,GOSFORD,19/02/2014,2:51 PM,78,"1,439",Equipment fault
1078905,GOSFORD,19/02/2014,2:54 PM,1025,140,Lightning
1078906,GOSFORD,19/02/2014,2:54 PM,780,144,Environmental
1078939,NEWCASTLE,19/02/2014,3:18 PM,85,124,Environmental
1078999,MAITLAND,19/02/2014,4:37 PM,811,34,Environmental
1079027,RANDWICK,19/02/2014,5:26 PM,130,409,Equipment fault
1079104,CANADA BAY,19/02/2014,8:02 PM,55,63,Equipment fault
1079119,GOSFORD,19/02/2014,8:19 PM,166,"1,193",Environmental
1079053,RYDE,19/02/2014,9:50 PM,352,37,Equipment fault
1079150,PORT STEPHENS,20/02/2014,3:34 AM,167,230,Equipment fault
1079222,MARRICKVILLE,20/02/2014,8:57 AM,243,85,Equipment fault
1079228,NORTH SYDNEY,20/02/2014,9:07 AM,287,218,Equipment fault
1079571,HORNSBY,20/02/2014,3:36 PM,1184,2,Environmental
1079647,RANDWICK,20/02/2014,8:37 PM,146,33,Environmental
1079657,NEWCASTLE,21/02/2014,5:22 AM,60,53,Environmental
1079830,STRATHFIELD,21/02/2014,12:49 PM,123,86,Third party
1079876,WILLOUGHBY,21/02/2014,2:07 PM,68,233,Equipment fault
1079920,HORNSBY,21/02/2014,3:34 PM,67,172,Environmental
1079950,WARRINGAH,21/02/2014,4:38 PM,58,67,Equipment fault
1080111,MANLY,23/02/2014,2:05 AM,2141,87,Environmental
1080151,PITTWATER,23/02/2014,2:05 PM,324,56,Environmental
1080489,MOSMAN,24/02/2014,5:37 AM,77,"1,005",Equipment fault
1080374,SYDNEY,24/02/2014,11:03 AM,2412,49,Equipment fault
1080729,SYDNEY,24/02/2014,11:27 AM,74,38,Equipment fault
1080492,BURWOOD,24/02/2014,1:02 PM,133,127,Equipment fault
1080588,SUTHERLAND,24/02/2014,3:31 PM,58,73,Environmental
1080663,HORNSBY,24/02/2014,7:07 PM,61,30,Equipment fault
1080687,LAKE MACQUARIE,24/02/2014,7:32 PM,968,76,Environmental
1080692,PORT STEPHENS,24/02/2014,7:55 PM,92,235,Equipment fault
1080914,UPPER HUNTER,25/02/2014,11:18 AM,611,146,Equipment fault
1080978,BOTANY,25/02/2014,1:17 PM,146,93,Third party
1081135,KU-RING-GAI,25/02/2014,8:29 PM,65,427,Environmental
1081160,CESSNOCK,26/02/2014,6:19 AM,173,259,Environmental
1081295,PITTWATER,26/02/2014,11:02 AM,5996,32,Equipment fault
1081458,PITTWATER,26/02/2014,1:29 PM,1700,75,Equipment fault
1081495,RYDE,26/02/2014,2:10 PM,130,98,Equipment fault
1081514,SYDNEY,26/02/2014,2:28 PM,92,237,Environmental
1081590,SUTHERLAND,26/02/2014,5:15 PM,69,280,Equipment fault
1081600,MUSWELLBROOK,26/02/2014,5:40 PM,152,112,Equipment fault
1081659,RYDE,27/02/2014,3:23 AM,2851,69,Environmental
1081813,HORNSBY,27/02/2014,11:02 AM,1264,168,Environmental
1081836,PITTWATER,27/02/2014,11:27 AM,115,200,Equipment fault
1081866,WARRINGAH,27/02/2014,12:00 PM,375,58,Environmental
1082028,BOTANY,27/02/2014,5:57 PM,83,124,Equipment fault
1082035,SUTHERLAND,27/02/2014,6:20 PM,1039,141,Environmental
1082060,WARRINGAH,27/02/2014,11:24 PM,81,116,Environmental
1082135,WYONG,28/02/2014,8:55 AM,108,107,Equipment fault
1082282,PITTWATER,28/02/2014,12:19 PM,74,146,Environmental
1082910,WYONG,28/02/2014,10:30 PM,62,180,Equipment fault
1082461,RYDE,28/02/2014,11:23 PM,2851,72,Environmental
1082468,GOSFORD,1/03/2014,3:39 AM,60,51,Environmental
1082516,UPPER HUNTER,1/03/2014,9:44 AM,680,71,Equipment fault
1082612,HORNSBY,1/03/2014,3:51 PM,909,60,Equipment fault
1082666,BANKSTOWN,2/03/2014,6:53 AM,53,220,Equipment fault
1082673,SINGLETON,2/03/2014,7:28 AM,171,9,Equipment fault
1082803,CANTERBURY,3/03/2014,4:32 AM,87,317,Equipment fault
1083018,ROCKDALE,3/03/2014,11:07 AM,2233,78,Equipment fault
1083032,HURSTVILLE,3/03/2014,11:12 AM,164,276,Equipment fault
1083126,KOGARAH,3/03/2014,1:09 PM,62,171,Environmental
1083300,ROCKDALE,3/03/2014,8:06 PM,225,269,Equipment fault
1083309,WILLOUGHBY,3/03/2014,11:40 PM,88,110,Equipment fault
1083844,CANTERBURY,4/03/2014,2:55 PM,56,35,Equipment fault
1083846,CANTERBURY,4/03/2014,4:20 PM,56,40,Equipment fault
1083653,CANTERBURY,4/03/2014,4:35 PM,52,325,Equipment fault
1083727,CESSNOCK,5/03/2014,1:49 AM,539,40,Environmental
1083728,SUTHERLAND,5/03/2014,3:17 AM,1902,79,Environmental
1083729,SUTHERLAND,5/03/2014,3:25 AM,1039,131,Environmental
1083925,ROCKDALE,5/03/2014,11:15 AM,64,255,Equipment fault
1083986,SYDNEY,5/03/2014,12:44 PM,92,102,Environmental
1084145,SUTHERLAND,5/03/2014,4:18 PM,1038,94,Lightning
1084148,CANADA BAY,5/03/2014,4:25 PM,1381,265,Lightning
1084149,SUTHERLAND,5/03/2014,4:30 PM,1291,119,Lightning
1084155,ROCKDALE,5/03/2014,4:32 PM,2274,234,Environmental
1084171,ROCKDALE,5/03/2014,4:41 PM,872,155,Environmental
1084173,ROCKDALE,5/03/2014,5:03 PM,57,137,Environmental
1084195,ROCKDALE,5/03/2014,5:29 PM,71,430,Lightning
1084208,KOGARAH,5/03/2014,5:41 PM,58,483,Environmental
1084292,MUSWELLBROOK,5/03/2014,8:06 PM,1800,30,Environmental
1084252,LAKE MACQUARIE,5/03/2014,9:00 PM,228,215,Equipment fault
1084064,LEICHHARDT,5/03/2014,10:56 PM,2423,57,Equipment fault
1084860,LAKE MACQUARIE,6/03/2014,6:55 AM,576,57,Equipment fault
1084375,BANKSTOWN,6/03/2014,8:26 AM,125,24,Environmental
1084420,GOSFORD,6/03/2014,9:07 AM,62,148,Environmental
1084623,WILLOUGHBY,6/03/2014,1:08 PM,65,252,Environmental
1084662,BANKSTOWN,6/03/2014,2:13 PM,75,47,Third party
1084810,CESSNOCK,7/03/2014,2:40 AM,579,30,Environmental
1085617,CESSNOCK,7/03/2014,2:40 AM,731,312,Environmental
1085187,UPPER HUNTER,7/03/2014,4:14 PM,54,226,Environmental
1085243,MANLY,8/03/2014,2:06 AM,689,57,Environmental
1085253,LAKE MACQUARIE,8/03/2014,7:39 AM,1372,81,Equipment fault
1085255,CANADA BAY,8/03/2014,7:50 AM,80,69,Third party
1085344,HORNSBY,8/03/2014,5:39 PM,67,244,Environmental
1085386,GOSFORD,9/03/2014,7:06 AM,1031,69,Equipment fault
1085471,KU-RING-GAI,9/03/2014,8:31 PM,54,38,Environmental
1085553,MANLY,10/03/2014,9:44 AM,103,103,Equipment fault
1085755,LAKE MACQUARIE,10/03/2014,12:58 PM,315,114,Equipment fault
1086200,BANKSTOWN,11/03/2014,12:47 PM,53,353,Equipment fault
1086271,PITTWATER,11/03/2014,1:48 PM,51,142,Environmental
1086329,KU-RING-GAI,11/03/2014,3:34 PM,60,295,Environmental
1087131,GOSFORD,13/03/2014,2:37 PM,1505,94,Environmental
1087206,WYONG,13/03/2014,6:13 PM,378,16,Equipment fault
1087358,MAITLAND,14/03/2014,3:25 PM,977,33,Equipment fault
1087409,MUSWELLBROOK,14/03/2014,4:42 PM,269,41,Environmental
1087411,MUSWELLBROOK,14/03/2014,4:49 PM,1801,54,Environmental
1087447,MUSWELLBROOK,14/03/2014,6:12 PM,53,87,Lightning
1087481,LEICHHARDT,14/03/2014,8:20 PM,1907,82,Equipment fault
1087514,NORTH SYDNEY,14/03/2014,11:58 PM,128,52,Environmental
1087523,CANTERBURY,15/03/2014,7:07 AM,96,75,Equipment fault
1087610,SUTHERLAND,15/03/2014,5:09 PM,8504,72,Lightning
1087614,CANTERBURY,15/03/2014,5:11 PM,2103,94,Lightning
1087619,HURSTVILLE,15/03/2014,5:12 PM,2033,116,Lightning
1088524,RYDE,15/03/2014,5:17 PM,1354,41,Lightning
1087621,RYDE,15/03/2014,5:21 PM,3106,68,Lightning
1088701,HORNSBY,15/03/2014,5:36 PM,66,121,Lightning
1088419,STRATHFIELD,17/03/2014,3:34 AM,341,98,Equipment fault
1088412,PORT STEPHENS,17/03/2014,8:21 AM,98,439,Equipment fault
1088076,PORT STEPHENS,17/03/2014,12:00 PM,56,310,Equipment fault
1088938,HORNSBY,17/03/2014,2:15 PM,904,91,Cable dig
1089097,PORT STEPHENS,17/03/2014,6:50 PM,129,265,Environmental
1089110,PITTWATER,17/03/2014,8:25 PM,52,25,Environmental
1089119,MAITLAND,18/03/2014,1:44 AM,428,105,Environmental
1089118,PORT STEPHENS,18/03/2014,1:48 AM,100,12,Environmental
1089121,LAKE MACQUARIE,18/03/2014,3:19 AM,112,76,Equipment fault
1089227,WARRINGAH,18/03/2014,8:01 AM,1097,84,Equipment fault
1089249,STRATHFIELD,18/03/2014,9:46 AM,1461,66,Third party
1089422,GOSFORD,18/03/2014,12:52 PM,87,82,Equipment fault
1089457,PITTWATER,18/03/2014,1:26 PM,51,304,Equipment fault
1089462,GOSFORD,18/03/2014,1:30 PM,5447,8,Environmental
1089690,HURSTVILLE,19/03/2014,4:11 AM,108,94,Environmental
1089706,KU-RING-GAI,19/03/2014,8:08 AM,1383,64,Environmental
1089992,WARRINGAH,19/03/2014,1:48 PM,51,100,Environmental
1090172,ROCKDALE,20/03/2014,5:32 AM,72,173,Equipment fault
1090345,GOSFORD,20/03/2014,10:33 AM,1007,71,Third party
1090382,PORT STEPHENS,20/03/2014,11:13 AM,1428,34,Environmental
1090669,WARRINGAH,21/03/2014,4:38 AM,2141,80,Environmental
1090714,WARRINGAH,21/03/2014,8:49 AM,53,176,Equipment fault
1090928,GOSFORD,21/03/2014,3:58 PM,64,72,Environmental
1090972,BANKSTOWN,21/03/2014,5:41 PM,1128,72,Equipment fault
1091011,WYONG,22/03/2014,6:11 AM,56,119,Equipment fault
1091109,SUTHERLAND,22/03/2014,6:05 PM,71,160,Equipment fault
1091144,RYDE,22/03/2014,9:30 PM,593,62,Environmental
1091145,HORNSBY,22/03/2014,9:33 PM,2077,65,Environmental
1091148,HORNSBY,22/03/2014,9:43 PM,106,151,Environmental
1091152,HORNSBY,22/03/2014,9:57 PM,55,137,Environmental
1091161,KU-RING-GAI,22/03/2014,11:23 PM,1134,119,Environmental
1091164,KU-RING-GAI,23/03/2014,1:12 AM,1190,62,Environmental
1091197,WARRINGAH,23/03/2014,9:43 AM,64,124,Equipment fault
1091264,LAKE MACQUARIE,23/03/2014,4:13 PM,449,32,Equipment fault
1092427,UPPER HUNTER,23/03/2014,4:24 PM,1228,1,Environmental
1091266,KU-RING-GAI,23/03/2014,4:37 PM,1134,63,Lightning
1091320,HURSTVILLE,24/03/2014,5:02 AM,96,188,Equipment fault
1091370,WARRINGAH,24/03/2014,8:31 AM,2141,76,Equipment fault
1091611,KU-RING-GAI,24/03/2014,1:37 PM,1237,65,Lightning
1091726,SUTHERLAND,24/03/2014,3:08 PM,119,212,Lightning
1091739,CANADA BAY,24/03/2014,3:56 PM,65,129,Equipment fault
1091785,SUTHERLAND,24/03/2014,4:52 PM,589,120,Lightning
1091877,SUTHERLAND,25/03/2014,5:39 AM,512,105,Equipment fault
1091916,AUBURN,25/03/2014,8:37 AM,54,318,Equipment fault
1092004,SINGLETON,25/03/2014,10:35 AM,56,225,Equipment fault
1092150,PITTWATER,25/03/2014,2:00 PM,147,64,Third party
1092309,SUTHERLAND,25/03/2014,8:17 PM,107,343,Environmental
1092322,WYONG,26/03/2014,1:07 AM,101,104,Equipment fault
1092329,RYDE,26/03/2014,6:07 AM,70,108,Environmental
1092738,HUNTERS HILL,26/03/2014,7:36 PM,1767,89,Equipment fault
1092774,KU-RING-GAI,26/03/2014,11:06 PM,738,64,Environmental
1092786,MUSWELLBROOK,27/03/2014,2:22 AM,1802,78,Environmental
1092789,SUTHERLAND,27/03/2014,2:42 AM,457,80,Equipment fault
1092784,PORT STEPHENS,27/03/2014,3:48 AM,588,62,Third party
1092794,UPPER HUNTER,27/03/2014,5:51 AM,1020,59,Equipment fault
1092876,BANKSTOWN,27/03/2014,8:48 AM,1816,89,Equipment fault
1093581,WYONG,27/03/2014,4:51 PM,10680,1,Environmental
1093531,SUTHERLAND,28/03/2014,12:17 PM,60,103,Environmental
1093617,SUTHERLAND,28/03/2014,2:39 PM,63,171,Environmental
1093650,CANTERBURY,28/03/2014,3:25 PM,77,120,Third party
1093692,WYONG,28/03/2014,4:25 PM,1331,65,Equipment fault
1093745,GOSFORD,28/03/2014,8:17 PM,777,80,Environmental
1093760,WYONG,28/03/2014,10:21 PM,61,74,Equipment fault
1093768,CESSNOCK,29/03/2014,3:27 AM,151,134,Environmental
1093769,MUSWELLBROOK,29/03/2014,3:54 AM,470,40,Environmental
1093834,WOOLLAHRA,29/03/2014,1:03 PM,51,"1,077",Equipment fault
1093894,GOSFORD,29/03/2014,8:58 PM,485,103,Environmental
1093891,PITTWATER,29/03/2014,9:25 PM,87,321,Third party
1093910,NEWCASTLE,30/03/2014,1:53 AM,1824,121,Equipment fault
1093945,KOGARAH,30/03/2014,10:01 AM,2344,82,Equipment fault
1094037,BANKSTOWN,30/03/2014,9:23 PM,61,187,Equipment fault
1094055,WARRINGAH,31/03/2014,4:20 AM,1252,61,Environmental
,,,,,,
